,Dataset,Best Model,Accuracy,ROC AUC,F1 Score
0,Psy_df,ExtraTreesClassifier(),0.9714285714285713,0.9752355283605283,0.9718658748252242
1,KP_df,ExtraTreesClassifier(),0.9642857142857144,0.9664286086935079,0.9645018674214827
2,LMFAO_df,GradientBoostingClassifier(),0.9647916037450922,0.9671847409662223,0.9649850602766039
3,Eminem_df,RandomForestClassifier(),0.9608159250310413,0.9637865427067499,0.9610286715221912
4,shakira_df,PassiveAggressiveClassifier(),0.960544631916725,0.9623619409323172,0.9606170804687377
5,all_df,LGBMClassifier(),0.9596235791003234,0.9612141874635121,0.959693615613997
6,all_df,GRUmodel,0.93675297498703,0.9367961925779369,0.9367428961787301
